path	selector	lane	action	owner / proof	behavior	current selector
src/sources/mygene.rs	tests::construction::search_plan_sets_path_and_core_query_params	offline	retain	BioMCP: same selector	Search request plan emits GET query with q/species/size/from and an alias+coordinate field list	sources::mygene::tests::construction::search_plan_sets_path_and_core_query_params
src/sources/mygene.rs	tests::construction::search_plan_adds_chr_filter_only_when_non_empty	offline	retain	BioMCP: same selector	Optional chr filter is added only for non-blank input	sources::mygene::tests::construction::search_plan_adds_chr_filter_only_when_non_empty
src/sources/mygene.rs	tests::construction::search_plan_rejects_offset_at_or_above_window	offline	retain	BioMCP: same selector	Offset at or above the provider result window is rejected before transport	sources::mygene::tests::construction::search_plan_rejects_offset_at_or_above_window
src/sources/mygene.rs	tests::construction::search_plan_rejects_offset_plus_limit_overflow	offline	retain	BioMCP: same selector	Offset plus limit crossing the provider result window is rejected before transport	sources::mygene::tests::construction::search_plan_rejects_offset_plus_limit_overflow
src/sources/mygene.rs	tests::construction::get_plan_default_uses_minimal_fields_quoted_symbol_and_size_one	offline	retain	BioMCP: same selector	Get plan quotes the symbol, sends size=1, and omits transcript fields	sources::mygene::tests::construction::get_plan_default_uses_minimal_fields_quoted_symbol_and_size_one
src/sources/mygene.rs	tests::construction::get_plan_with_transcripts_requests_transcript_and_protein_fields	offline	retain	BioMCP: same selector	Get plan with transcripts adds transcript and protein fields	sources::mygene::tests::construction::get_plan_with_transcripts_requests_transcript_and_protein_fields
src/sources/mygene.rs	tests::construction::get_plan_rejects_empty_symbol	offline	retain	BioMCP: same selector	Blank symbol is rejected as an invalid argument before transport	sources::mygene::tests::construction::get_plan_rejects_empty_symbol
src/sources/mygene.rs	tests::construction::get_plan_rejects_overlong_symbol	offline	retain	BioMCP: same selector	Symbol longer than 128 bytes is rejected before transport	sources::mygene::tests::construction::get_plan_rejects_overlong_symbol
src/sources/mygene.rs	tests::construction::get_plan_rejects_invalid_symbol_characters	offline	retain	BioMCP: same selector	Symbols with characters outside letters digits underscore hyphen are rejected	sources::mygene::tests::construction::get_plan_rejects_invalid_symbol_characters
src/sources/mygene.rs	tests::construction::batch_symbols_plan_builds_post_form_preserving_input_order	offline	retain	BioMCP: same selector	Batch symbol lookup builds a POST form and preserves cleaned input order	sources::mygene::tests::construction::batch_symbols_plan_builds_post_form_preserving_input_order
src/sources/mygene.rs	tests::construction::batch_symbols_plan_rejects_empty_input	offline	retain	BioMCP: same selector	Empty batch id list is rejected	sources::mygene::tests::construction::batch_symbols_plan_rejects_empty_input
src/sources/mygene.rs	tests::construction::batch_symbols_plan_rejects_oversized_batch	offline	retain	BioMCP: same selector	Batch above the 200 id limit is rejected	sources::mygene::tests::construction::batch_symbols_plan_rejects_oversized_batch
src/sources/mygene.rs	tests::parsing::parses_search_response_from_real_fixture	offline	replace	BioData: synthetic_search_preserves_source_states_codes_and_order; BioMCP: search conversion	Search response bytes decode into the provider hit struct	sources::mygene::tests::parsing::parses_search_response_from_real_fixture
src/sources/mygene.rs	tests::parsing::parses_get_response_fields_from_real_fixture	offline	replace	BioData: get_selection_and_rejection_are_explicit; BioMCP: get conversion	Get response bytes decode into symbol/ensembl/genomic position fields	sources::mygene::tests::parsing::parses_get_response_fields_from_real_fixture
src/sources/mygene.rs	tests::parsing::hgnc_wire_union_normalizes_and_rejects_malformed_values	offline	replace	BioData: mygene_numeric_hgnc_claims_preserve_source_shape (0198); BioMCP: canonical join conversion	Scalar and array HGNC wire forms normalize to a prefixed code while zero negative fractional nested and mixed forms are rejected; one declaration covering eight wire cases	sources::mygene::tests::parsing::hgnc_wire_union_normalizes_and_rejects_malformed_values
src/sources/mygene.rs	tests::parsing::extract_uniprot_prefers_swiss_prot_from_real_fixture	offline	replace	BioMCP: required: synthetic source-only UniProt extraction	UniProt accession extraction prefers the reviewed protein field from real bytes	sources::mygene::tests::parsing::extract_uniprot_prefers_swiss_prot_from_real_fixture
src/sources/mygene.rs	tests::parsing::extract_uniprot_prefers_swiss_prot_over_trembl_synthetic	offline	retain	BioMCP: same selector	UniProt extraction prefers the reviewed field over the unreviewed field	sources::mygene::tests::parsing::extract_uniprot_prefers_swiss_prot_over_trembl_synthetic
src/sources/mygene.rs	tests::parsing::extract_uniprot_returns_none_for_empty_object	offline	retain	BioMCP: same selector	Empty UniProt object yields no accession	sources::mygene::tests::parsing::extract_uniprot_returns_none_for_empty_object
src/sources/mygene.rs	tests::parsing::dedupe_symbols_maps_real_batch_in_input_order	offline	retain	BioMCP: same selector	Batch rows map back to input id order	sources::mygene::tests::parsing::dedupe_symbols_maps_real_batch_in_input_order
src/sources/mygene.rs	tests::parsing::dedupe_symbols_dedupes_repeated_ids_keeping_first_position	offline	retain	BioMCP: same selector	Repeated ids keep first position and dedupe symbols	sources::mygene::tests::parsing::dedupe_symbols_dedupes_repeated_ids_keeping_first_position
src/sources/mygene.rs	tests::parsing::decode_json_maps_http_error_status_with_excerpt	offline	retain	BioMCP: same selector	HTTP error status maps to a provider-context error with a bounded excerpt	sources::mygene::tests::parsing::decode_json_maps_http_error_status_with_excerpt
src/sources/mygene.rs	tests::parsing::decode_json_rejects_non_json_content_type	offline	retain	BioMCP: same selector	Non-JSON content type is rejected with provider context	sources::mygene::tests::parsing::decode_json_rejects_non_json_content_type
src/sources/mygene/tests/live.rs	live_get_braf_returns_symbol_and_ensembl	live RC	replace	BioMCP: same live intent on adopted identity at release-candidate review	Live get returns a symbol and an Ensembl gene id	sources::mygene::tests::live::live_get_braf_returns_symbol_and_ensembl
src/sources/mygene/tests/live.rs	live_search_egfr_returns_hits	live RC	replace	BioMCP: same live intent on adopted page at release-candidate review	Live search returns at least one hit	sources::mygene::tests::live::live_search_egfr_returns_hits
src/sources/mygene/tests/live.rs	live_resolve_uniprot_for_braf	live RC	retain	BioMCP: same selector	Live UniProt resolution returns a nonempty accession	sources::mygene::tests::live::live_resolve_uniprot_for_braf
src/sources/mygene/tests/live.rs	live_get_unknown_symbol_is_not_found	live RC	retain	BioMCP: same selector	Live get for an unknown symbol returns not found	sources::mygene::tests::live::live_get_unknown_symbol_is_not_found
src/sources/mygene/tests/live.rs	live_symbols_for_entrez_ids_resolves_known_ids	live RC	retain	BioMCP: same selector	Live batch symbol lookup resolves known ids	sources::mygene::tests::live::live_symbols_for_entrez_ids_resolves_known_ids
src/transform/gene.rs	tests::normalize_summary_keeps_summary	offline	retain	BioMCP: same selector	Summary normalization trims whitespace and keeps the first two sentences	transform::gene::tests::normalize_summary_keeps_summary
src/transform/gene.rs	tests::normalize_summary_preserves_utf8_without_ellipsis	offline	retain	BioMCP: same selector	Summary normalization keeps non-ASCII text and adds no ellipsis	transform::gene::tests::normalize_summary_preserves_utf8_without_ellipsis
src/transform/gene.rs	tests::normalize_aliases_drops_lowercase_and_trailing_number_hyphen	offline	retain	BioMCP: same selector	Display alias filtering drops lowercase and trailing hyphen-number aliases then caps the list	transform::gene::tests::normalize_aliases_drops_lowercase_and_trailing_number_hyphen
src/transform/gene.rs	tests::string_or_vec_into_vec	offline	omit	BioMCP: src/utils/serde.rs::tests::string_or_vec_helpers_cover_all_shapes	Scalar-or-array helper returns vector forms	transform::gene::tests::string_or_vec_into_vec
src/transform/gene.rs	tests::extract_kegg_pathways_handles_array	offline	retain	BioMCP: same selector	KEGG pathway extraction handles the array shape with a 20 item cap	transform::gene::tests::extract_kegg_pathways_handles_array
src/transform/gene.rs	tests::gene_sections_maps_egfr_fields	offline	replace	BioMCP: required: transform::gene::tests::biodata_identity_converts_symbol_entrez_uniprot_and_chromosome	Conversion maps symbol entrez UniProt and chromosome into the product gene card	transform::gene::tests::gene_sections_maps_egfr_fields
src/transform/gene.rs	tests::gene_sections_maps_brca1_fields	offline	replace	BioMCP: required: transform::gene::tests::biodata_identity_keeps_ensembl_and_mim_codes	Conversion maps symbol Ensembl and MIM into the product gene card	transform::gene::tests::gene_sections_maps_brca1_fields
src/transform/gene.rs	tests::gene_sections_maps_tp53_fields	offline	replace	BioMCP: required: transform::gene::tests::biodata_identity_keeps_source_aliases_before_display_filtering	Conversion maps symbol aliases and UniProt into the product gene card	transform::gene::tests::gene_sections_maps_tp53_fields
src/entities/gene.rs	tests::mygene_query_term_escapes_free_text_special_chars	offline	retain	BioMCP: same selector	Query term escapes Lucene metacharacters in free text	entities::gene::tests::mygene_query_term_escapes_free_text_special_chars
src/entities/gene.rs	tests::mygene_query_term_searches_aliases_for_symbol_like_input	offline	retain	BioMCP: same selector	Symbol-like input expands to a symbol-or-alias query	entities::gene::tests::mygene_query_term_searches_aliases_for_symbol_like_input
src/entities/gene.rs	tests::canonical_alias_matches_cover_common_gene_aliases	offline	replace	BioMCP: required: entities::gene::tests::canonical_alias_matching_uses_biodata_row_aliases	Alias canonicalization matches known aliases to canonical symbols	entities::gene::tests::canonical_alias_matches_cover_common_gene_aliases
src/entities/gene.rs	tests::canonical_alias_matches_keep_ambiguous_aliases_ambiguous	offline	replace	BioMCP: required: entities::gene::tests::canonical_alias_matching_keeps_biodata_ambiguity	Ambiguous aliases return every matching canonical symbol	entities::gene::tests::canonical_alias_matches_keep_ambiguous_aliases_ambiguous
src/entities/gene.rs	tests::canonical_alias_identity_keeps_the_entrez_identifier	offline	replace	BioMCP: required: entities::gene::tests::canonical_alias_match_keeps_the_biodata_ncbi_gene_code	Canonical alias match keeps the Entrez identifier	entities::gene::tests::canonical_alias_identity_keeps_the_entrez_identifier
src/entities/gene.rs	tests::exact_gene_results_promote_then_dedupe_first_wins	offline	retain	BioMCP: same selector	Exact symbol is promoted and duplicates are removed first-wins before paging	entities::gene::tests::exact_gene_results_promote_then_dedupe_first_wins
src/entities/gene.rs	tests::exact_gene_results_keep_distinct_ids_and_missing_identity_rows	offline	retain	BioMCP: same selector	Rows with distinct ids and rows with missing identity stay distinct	entities::gene::tests::exact_gene_results_keep_distinct_ids_and_missing_identity_rows
src/entities/gene.rs	tests::exact_gene_query_candidate_requires_symbol_safe_ascii_with_a_letter	offline	retain	BioMCP: same selector	Exact query candidate gate requires safe ASCII and at least one letter	entities::gene::tests::exact_gene_query_candidate_requires_symbol_safe_ascii_with_a_letter
src/entities/gene.rs	tests::exact_search_followup_boundary_covers_fifty_and_fifty_one	offline	retain	BioMCP: same selector	Follow-up acquisition boundary at the provider result window	entities::gene::tests::exact_search_followup_boundary_covers_fifty_and_fifty_one
tests/unit/cli/gene.rs	tests::get_gene_help_includes_when_to_use_guidance	offline	retain	BioMCP: same selector	Get gene long help documents when to use the card and deepen paths	cli::gene::tests::get_gene_help_includes_when_to_use_guidance
tests/unit/cli/gene.rs	tests::gene_get_alias_parses_as_definition_subcommand	offline	retain	BioMCP: same selector	The get alias parses as the definition subcommand	cli::gene::tests::gene_get_alias_parses_as_definition_subcommand
tests/unit/cli/gene.rs	tests::gene_cspec_document_parses_as_nested_raw_subcommand	offline	retain	BioMCP: same selector	Nested CSpec document subcommand parses	cli::gene::tests::gene_cspec_document_parses_as_nested_raw_subcommand
tests/unit/cli/gene.rs	tests::gene_cspec_files_is_a_flag_on_version_or_capture_selection	offline	retain	BioMCP: same selector	CSpec files flag binds to exactly one selector	cli::gene::tests::gene_cspec_files_is_a_flag_on_version_or_capture_selection
tests/unit/cli/gene.rs	tests::gene_bare_symbol_parses_as_external_subcommand	offline	retain	BioMCP: same selector	Bare symbol parses as the external subcommand	cli::gene::tests::gene_bare_symbol_parses_as_external_subcommand
tests/unit/cli/gene.rs	tests::gene_pathways_parses_limit_and_offset	offline	retain	BioMCP: same selector	Pathways subcommand parses limit and offset	cli::gene::tests::gene_pathways_parses_limit_and_offset
tests/unit/cli/gene.rs	tests::handle_get_gene_alias_fallback_returns_markdown_suggestion	offline	retain	BioMCP: same selector	Not-found alias fallback renders a canonical suggestion on stderr with exit 1	cli::gene::tests::handle_get_gene_alias_fallback_returns_markdown_suggestion
src/mcp/shell.rs	tests::typed_schemas_are_entity_specific	offline	retain	BioMCP: same selector	Typed get gene branch advertises the gene section enum and rejects another entity's section	mcp::shell::tests::typed_branches_stay_entity_specific
src/mcp/shell.rs	tests::typed_search_and_get_schemas_declare_object_roots_and_reject_bad_input	offline	retain	BioMCP: same selector	Typed schemas publish object roots and reject an invalid gene section	mcp::shell::tests::typed_schemas_publish_flat_roots_and_reject_bad_input
src/mcp/shell.rs	tests::typed_search_maps_each_published_entity_and_rejects_schema_mismatches	offline	retain	BioMCP: same selector	Typed search maps a gene region argument and rejects a gene query over the published limit; one declaration covering fifteen entity cases	mcp::shell::tests::typed_search_maps_each_published_entity_and_rejects_schema_mismatches
src/mcp/shell.rs	tests::mcp_allowlist_blocks_mutating_commands	offline	retain	BioMCP: same selector	Raw MCP allowlist admits read-only gene get with shell metacharacters and blocks mutating commands	mcp::shell::tests::mcp_allowlist_blocks_mutating_commands
src/mcp/shell/typed_get_tests.rs	tests::typed_get_schema_and_mapper_match_independent_cli_catalog_oracle	offline	retain	BioMCP: same selector	Typed get schema branches and mapper match the CLI catalog including every gene section	mcp::shell::typed_get_tests::typed_get_schema_and_mapper_match_independent_cli_catalog_oracle
src/mcp/shell/typed_get_tests.rs	tests::cli_catalog_gettable_inventory_matches_clap_get_subcommands	offline	retain	BioMCP: same selector	Gettable catalog inventory equals the clap get subcommands	mcp::shell::typed_get_tests::cli_catalog_gettable_inventory_matches_clap_get_subcommands
src/mcp/shell/typed_get_tests.rs	tests::adverse_event_schema_and_mapper_deduplicate_sections_only_for_that_entity	offline	retain	BioMCP: same selector	Gene duplicate sections are rejected while another entity tolerates them	mcp::shell::typed_get_tests::adverse_event_schema_and_mapper_deduplicate_sections_only_for_that_entity
tests/json_error_contract.rs	tests::json_mode_gene_not_found_error_writes_json_stdout_and_exit_1	offline	retain	BioMCP: same selector	Outside-in CLI JSON mode returns not_found with exit 1 and emits the exact symbol-scoped get request	json_mode_gene_not_found_error_writes_json_stdout_and_exit_1
tests/json_error_contract.rs	tests::mygene_fixture_without_request_stops_on_drop	offline	retain	BioMCP: same selector	The bounded MyGene fixture thread stops on drop	mygene_fixture_without_request_stops_on_drop
tests/live_smoke.rs	tests::live_cli_smoke_get_gene_braf_returns_gene_information	live RC	retain	BioMCP: same selector	Live CLI JSON get gene returns the symbol	live_cli_smoke_get_gene_braf_returns_gene_information
