"Date of Prequalification ","Vaccine Type","Commercial Name",Presentation,"No. of doses",Manufacturer,"Responsible NRA"
16/01/2025,"Hepatitis B (Paediatric)",BEVAC,Vial,1,"Biological E. Limited","Central Drugs Standard Control Organization"
16/01/2025,"Hepatitis B",BEVAC®,Vial,1,"Biological E. Limited","Central Drugs Standard Control Organization"
01/01/1987,BCG,"BCG Freeze Dried Glutamate vaccine",Ampoule,10,"Japan BCG Laboratory","Pharmaceutical and Medical Devices Agency"
01/01/1987,BCG,"BCG Freeze Dried Glutamate vaccine",Ampoule,20,"Japan BCG Laboratory","Pharmaceutical and Medical Devices Agency"
29/05/2003,BCG,"BCG Vaccine",Vial,20,"Serum Institute of India Pvt. Ltd.","Central Drugs Standard Control Organization"
03/12/2024,BCG,"BCG Vaccine","Vial + Ampoule",20,"GreenSignal Bio Pharma Pvt Limited","Central Drugs Standard Control Organization"
01/02/1991,BCG,"BCG Vaccine",Ampoule,10,"BB- NCIPD EAD (Bul Bio-National Center of Infectious and Parasitic Diseases EAD)","Bulgarian Drug Agency"
01/02/1991,BCG,"BCG Vaccine",Ampoule,20,"BB- NCIPD EAD (Bul Bio-National Center of Infectious and Parasitic Diseases EAD)","Bulgarian Drug Agency"
27/09/1994,BCG,"BCG Vaccine AJV","Two vial set (active + excipient)",10,"AJ Vaccines A/S","Danish Medicines Agency"
16/01/2025,"Hepatitis B",BEVAC®,Vial,10,"Biological E. Limited","Central Drugs Standard Control Organization"
16/01/2025,"Hepatitis B (Paediatric)",BEVAC®,Vial,10,"Biological E. Limited","Central Drugs Standard Control Organization"
09/10/2023,Covid-19,BIMERVAX,Vial,1,"HIPRA HUMAN HEALTH, S.L.U","European Medicines Agency"
14/10/2021,"Human Papillomavirus (Bivalent)",Cecolin®,Vial,1,"Xiamen Innovax Biotech Co. Ltd.","National Medical Products Administration"
08/07/2009,"Human Papillomavirus (Bivalent)",Cervarix,Vial,1,"GlaxoSmithKline Biologicals SA","Federal Agency for Medicines and Health Products"
08/07/2009,"Human Papillomavirus (Bivalent)",Cervarix,Vial,2,"GlaxoSmithKline Biologicals SA","Federal Agency for Medicines and Health Products"
25/09/2026,"Human Papillomavirus (Quadrivalent)",CERVAVAC,Vial,1,"Serum Institute of India Pvt. Ltd.","Central Drugs Standard Control Organization"
25/09/2026,"Human Papillomavirus (Quadrivalent)",CERVAVAC,Vial,2,"Serum Institute of India Pvt. Ltd.","Central Drugs Standard Control Organization"
09/10/2024,Covid-19,Comirnaty®,Vial,,"BioNTech Manufacturing GmbH","European Medicines Agency"
13/06/2025,Covid-19,COVOVAX™,Vial,1,"Serum Institute of India Pvt. Ltd.","Central Drugs Standard Control Organization"
09/02/2018,"Human Papillomavirus (Ninevalent)","Gardasil 9",Vial,1,"Merck Sharp & Dohme LLC","European Medicines Agency"
11/08/2026,"Human Papillomavirus (Ninevalent)","Gardasil 9",Vial,2,"Merck Sharp & Dohme LLC","European Medicines Agency"
20/05/2009,"Human Papillomavirus (Quadrivalent)",Gardasil,Vial,1,"Merck Sharp & Dohme LLC","European Medicines Agency"
24/09/2019,"Measles and Rubella","Measles and Rubella Vaccine (Live) (Attenuated, Freeze Dried)","Vial + Ampoule",1,"Biological E. Limited","Central Drugs Standard Control Organization"
24/09/2019,"Measles and Rubella","Measles and Rubella Vaccine (Live) (Attenuated, Freeze Dried)","Vial + Ampoule",5,"Biological E. Limited","Central Drugs Standard Control Organization"
24/09/2019,"Measles and Rubella","Measles and Rubella Vaccine (Live) (Attenuated, Freeze Dried)","Vial + Ampoule",10,"Biological E. Limited","Central Drugs Standard Control Organization"
18/07/2000,"Measles and Rubella","Measles and Rubella Vaccine, Live, Attenuated",Vial,1,"Serum Institute of India Pvt. Ltd.","Central Drugs Standard Control Organization"
18/07/2000,"Measles and Rubella","Measles and Rubella Vaccine, Live, Attenuated",Vial,2,"Serum Institute of India Pvt. Ltd.","Central Drugs Standard Control Organization"
18/07/2000,"Measles and Rubella","Measles and Rubella Vaccine, Live, Attenuated",Vial,5,"Serum Institute of India Pvt. Ltd.","Central Drugs Standard Control Organization"
18/07/2000,"Measles and Rubella","Measles and Rubella Vaccine, Live, Attenuated",Vial,10,"Serum Institute of India Pvt. Ltd.","Central Drugs Standard Control Organization"
04/09/2006,Measles,"Measles vaccine",Vial,20,"PT Bio Farma (Persero)","National Agency of Drug and Food Control Indonesia"
09/04/1997,Measles,"Measles vaccine","Vial + Ampoule",10,"PT Bio Farma (Persero)","National Agency of Drug and Food Control Indonesia"
15/01/2026,Measles,"Measles vaccine (Live)",Vial,5,"Biological E. Limited","Central Drugs Standard Control Organization"
15/01/2026,Measles,"Measles vaccine (Live)",Vial,10,"Biological E. Limited","Central Drugs Standard Control Organization"
15/02/1993,Measles,"Measles Vaccine, Live, Attenuated",Vial,1,"Serum Institute of India Pvt. Ltd.","Central Drugs Standard Control Organization"
15/02/1993,Measles,"Measles Vaccine, Live, Attenuated",Vial,2,"Serum Institute of India Pvt. Ltd.","Central Drugs Standard Control Organization"
15/02/1993,Measles,"Measles Vaccine, Live, Attenuated",Vial,5,"Serum Institute of India Pvt. Ltd.","Central Drugs Standard Control Organization"
15/02/1993,Measles,"Measles Vaccine, Live, Attenuated",Vial,10,"Serum Institute of India Pvt. Ltd.","Central Drugs Standard Control Organization"
08/08/2003,"Measles, Mumps and Rubella","Measles, Mumps and Rubella Vaccine, Live, Attenuated",Vial,1,"Serum Institute of India Pvt. Ltd.","Central Drugs Standard Control Organization"
08/08/2003,"Measles, Mumps and Rubella","Measles, Mumps and Rubella Vaccine, Live, Attenuated",Vial,2,"Serum Institute of India Pvt. Ltd.","Central Drugs Standard Control Organization"
08/08/2003,"Measles, Mumps and Rubella","Measles, Mumps and Rubella Vaccine, Live, Attenuated",Vial,5,"Serum Institute of India Pvt. Ltd.","Central Drugs Standard Control Organization"
08/08/2003,"Measles, Mumps and Rubella","Measles, Mumps and Rubella Vaccine, Live, Attenuated",Vial,10,"Serum Institute of India Pvt. Ltd.","Central Drugs Standard Control Organization"
26/03/2009,"Yellow Fever",n/a,Ampoule,2,"Federal State Autonomous Scientific Institution «Chumakov Federal Scientific Center for Research & Development of Immune-And Biological Products», Russian Academy of Sciences","Federal Service on Surveillance in Healthcare (ROSZDRAVNADZOR) of the Russian Federation"
26/03/2009,"Yellow Fever",n/a,Ampoule,5,"Federal State Autonomous Scientific Institution «Chumakov Federal Scientific Center for Research & Development of Immune-And Biological Products», Russian Academy of Sciences","Federal Service on Surveillance in Healthcare (ROSZDRAVNADZOR) of the Russian Federation"
26/03/2009,"Yellow Fever",n/a,Ampoule,10,"Federal State Autonomous Scientific Institution «Chumakov Federal Scientific Center for Research & Development of Immune-And Biological Products», Russian Academy of Sciences","Federal Service on Surveillance in Healthcare (ROSZDRAVNADZOR) of the Russian Federation"
09/03/2001,"Measles, Mumps and Rubella",Priorix,Vial,1,"GlaxoSmithKline Biologicals SA","Federal Agency for Medicines and Health Products"
21/12/2011,"Measles, Mumps and Rubella",Priorix,Vial,2,"GlaxoSmithKline Biologicals SA","Federal Agency for Medicines and Health Products"
06/01/2009,"Measles, Mumps and Rubella","rHA M-M-R II",Vial,1,"Merck Sharp & Dohme LLC","European Medicines Agency"
14/10/2022,"Yellow Fever",SinSaVac™,Vial,10,"Federal State Autonomous Scientific Institution «Chumakov Federal Scientific Center for Research & Development of Immune-And Biological Products», Russian Academy of Sciences","Federal Service on Surveillance in Healthcare (ROSZDRAVNADZOR) of the Russian Federation"
20/03/2001,"Yellow Fever","Stabilized Yellow Fever Vaccine",Ampoule,5,"Institut Pasteur de Dakar","Ministère de la Santé publique"
20/03/2001,"Yellow Fever","Stabilized Yellow Fever Vaccine",Ampoule,10,"Institut Pasteur de Dakar","Ministère de la Santé publique"
20/03/2001,"Yellow Fever","Stabilized Yellow Fever Vaccine",Ampoule,20,"Institut Pasteur de Dakar","Ministère de la Santé publique"
01/01/1987,"Yellow Fever",STAMARIL,"Vial + Ampoule",10,"Sanofi Winthrop Industrie","Agence nationale de sécurité du médicament et des produits de santé"
02/08/2024,"Human Papillomavirus (Bivalent)",Walrinvax®,Vial,1,"Yuxi Zerun Biotechnology Co., Ltd","National Medical Products Administration"
17/10/2001,"Yellow Fever","Yellow Fever","Two vial set (active + excipient)",5,Bio-Manguinhos/Fiocruz,"Agencia Nacional da Vigilancia Sanitaria"
10/12/2007,"Yellow Fever","Yellow Fever","Two vial set (active + excipient)",10,Bio-Manguinhos/Fiocruz,"Agencia Nacional da Vigilancia Sanitaria"
